kanji,hiragana,english,usage,tags
取得,シュトク,Obtained,,
済み,ずみ,Done／Settled/ Arranged,,
受講,じゅこう,Taught／Lesson,,
未取得,みしゅとく,Not Obtained,,
未受講,みじゅこう,Not Taught,,
発生,Hassei,Occurrence,,
研修,kenshuu,Training,,
期限,Kigen,Deadline,,
条件,Jouken,Conditions,,
部署,Busho,Department,,
役職,Yakushoku,Title,,
拠点,Kyouten,Base,,
不満,ふまん,Not satisfactory,不満の気持ちが強いとき使います,
夫婦,ふうふ,Married couple,となりの夫婦、けんかばかりしているね。,
告白,こくはく,Confess,告白しても拘(こだわ)られってばかりみたいです。,
運命,うんめい,Destiny,まだ運命の人に出会ってないって言いました。,
聞き飽きる,ききあきる,Get tired of hearing,先生同じ話ばっかりだね。聞き飽きるよね。,
あせる,あせる,panic - rush,田中さうわさ話をしているところに、本人が来ちゃって、あせったよ。,
刃物,はもの,"Cutlery, edged tools",刃物を使っているところに、話かけないで下さい,
カンニング,カンニング,"to cheat, on a test or be smart",カンニングしていいたところに先生が見られてしまった,
着信,ちゃくしん,incomming call,電車に乗ったところに着信来ました,
納期,のうき,day of deliver,明日納期なので終わらせましょう,
用件,ようけん,topic,急ぎの用件の時がどうすればいいですか。,
高級,こうきゅう,"high end, luxury",高級な店,
懐中電灯,かいちゅうでんとう,flashlight,懐中電灯持っていなかた時に自転車をのて警察怒られてしまいました。,
考え事,かんがえごと,to think,考え事しているところです,
数える,かぞえる,to count,数を数えっているところです,
